[
  {
    "codice": "130419S",
    "articolo": "Vassoio 500x375x160",
    "tipologia": "Vassoio",
    "settore": "Pasticceria",
    "linea": "FIBRA ROSSO",
    "colore": "Rosso",
    "materiale": "Cartoncino FIBRA",
    "eco": "PAP 21",
    "personalizzabile": true,
    "image": "https://images.unsplash.com/photo-1542831369-5b6a04c4a6f6?w=800",
    "prezzoAnonimo": 2.3,
    "prezzoPersonalizzato": 2.7,
    "confezione": "25 pz",
    "minOrdine": 1,
    "disponibilita": "Pronta",
    "note": "Linea natalizia – misure multiple disponibili"
  },
  {
    "codice": "138226S",
    "articolo": "Portapanettone + Bott. 280x200x350",
    "tipologia": "Portapanettone + Bottiglia",
    "settore": "Gastronomia",
    "linea": "CRYSTAL",
    "colore": "Bianco/Lino",
    "materiale": "Cartoncino LINO",
    "eco": "PAP 21",
    "personalizzabile": true,
    "image": "https://images.unsplash.com/photo-1541976076758-347942db1970?w=800",
    "prezzoAnonimo": 3.5,
    "prezzoPersonalizzato": 4.1,
    "confezione": "20 pz",
    "minOrdine": 1,
    "disponibilita": "Su richiesta",
    "note": "Finestra e varianti misure a listino"
  },
  {
    "codice": "130806S",
    "articolo": "Scat. 2 Bottiglie F. 180x90x385",
    "tipologia": "Scatola Bottiglie",
    "settore": "Enoteca",
    "linea": "SETA VERDE",
    "colore": "Verde",
    "materiale": "Cartoncino SETA",
    "eco": "PAP 21",
    "personalizzabile": true,
    "image": "https://images.unsplash.com/photo-1514361892635-6b07e31e75d7?w=800",
    "prezzoAnonimo": 1.95,
    "prezzoPersonalizzato": 2.35,
    "confezione": "30 pz",
    "minOrdine": 1,
    "disponibilita": "Pronta",
    "note": "Inserto divisorio opzionale"
  },
  {
    "codice": "138500S",
    "articolo": "Scat. 1 Bott. c/Maniglia 90x90x385",
    "tipologia": "Scatola Bottiglie",
    "settore": "Enoteca",
    "linea": "SPOT BLU",
    "colore": "Blu",
    "materiale": "Cartoncino",
    "eco": "PAP 21",
    "personalizzabile": false,
    "image": "https://images.unsplash.com/photo-1544947950-fa07a98d237f?w=800",
    "prezzoAnonimo": 1.2,
    "prezzoPersonalizzato": 1.2,
    "confezione": "50 pz",
    "minOrdine": 1,
    "disponibilita": "Pronta",
    "note": "Maniglia rinforzata"
  }
]